{
  "next-env.d.ts": 1775971012.1561456,
  "next.config.ts": 1774012252.1375806,
  "types/index.ts": 1775974549.9390683,
  "app/layout.tsx": 1774013325.1727247,
  "app/page.tsx": 1774013325.1726925,
  "app/contact/page.tsx": 1775970979.331059,
  "app/products/page.tsx": 1775972051.6740544,
  "app/resources/page.tsx": 1775974165.0516324,
  "app/about/page.tsx": 1774072381.956334,
  "app/blog/page.tsx": 1775974828.2202692,
  "app/blog/[slug]/BlogArticle.tsx": 1775974903.0324419,
  "app/blog/[slug]/page.tsx": 1775974837.2258449,
  "app/careers/page.tsx": 1775969712.3365197,
  "app/dashboard/page.tsx": 1775970171.3129573,
  "app/login/page.tsx": 1775969821.8226457,
  "app/services/page.tsx": 1775972130.0296445,
  "components/index.ts": 1774013325.1728022,
  "components/ui/Logo.tsx": 1774073751.3800461,
  "components/ui/Icons.tsx": 1774013325.1342585,
  "components/ui/index.ts": 1774013325.1512334,
  "components/ui/Button.tsx": 1774071714.7921093,
  "components/sections/ServicesHeroSection.tsx": 1775972072.3222964,
  "components/sections/ProductsCatalogueSection.tsx": 1775972013.02048,
  "components/sections/CTASection.tsx": 1774074282.2955177,
  "components/sections/ContactTabsBar.tsx": 1775975560.687169,
  "components/sections/HiringProcessSection.tsx": 1775969507.858945,
  "components/sections/OpenApplicationSection.tsx": 1775969657.9949965,
  "components/sections/OverviewSection.tsx": 1774073804.9671714,
  "components/sections/JobListingsSection.tsx": 1775969610.4469252,
  "components/sections/CultureSection.tsx": 1775969570.2626233,
  "components/sections/ResourcesBlogSection.tsx": 1775974954.1084077,
  "components/sections/AboutHeroSection.tsx": 1774074385.1989195,
  "components/sections/LoginPanel.tsx": 1775969779.1015708,
  "components/sections/ResourcesTrustCenterSection.tsx": 1775974135.6546295,
  "components/sections/ContactPanel.tsx": 1775976241.8725162,
  "components/sections/ProductsSection.tsx": 1775971874.6309772,
  "components/sections/ResourcesHeroSection.tsx": 1775973899.118429,
  "components/sections/ValuesSection.tsx": 1774074385.3737526,
  "components/sections/ResourcesGallerySection.tsx": 1775974055.9446197,
  "components/sections/ResourcesDocSection.tsx": 1775973968.1954482,
  "components/sections/GetStartedPanel.tsx": 1774020102.6064913,
  "components/sections/ServicesDetailSection.tsx": 1775972105.8962882,
  "components/sections/ProductsHeroSection.tsx": 1775971970.146823,
  "components/sections/TeamSection.tsx": 1775970612.8346097,
  "components/sections/ServicesSection.tsx": 1775971930.8592353,
  "components/sections/StatsSection.tsx": 1774074268.2420602,
  "components/sections/EarlyAdoptersSection.tsx": 1774074282.137301,
  "components/sections/BookDemoPanel.tsx": 1775970599.4690392,
  "components/sections/CareerHeroSection.tsx": 1775969448.3621879,
  "components/sections/LoginBrandPanel.tsx": 1775969840.3653245,
  "components/sections/BenefitsSection.tsx": 1775969546.411536,
  "components/sections/ResourcesCaseStudiesSection.tsx": 1775973993.6329162,
  "components/sections/TestimonialsSection.tsx": 1774074282.2075193,
  "components/sections/HeroSection.tsx": 1774764460.6858077,
  "components/sections/ResourcesFaqSection.tsx": 1775973935.7607262,
  "components/sections/CareerMissionSection.tsx": 1775969687.3522654,
  "components/sections/index.ts": 1775974171.089573,
  "components/sections/BrandsSection.tsx": 1774074268.4154065,
  "components/sections/ResourcesTrainingSection.tsx": 1775974021.3622813,
  "components/sections/TeamStatsSection.tsx": 1774074385.2596717,
  "components/layout/ScrollRail.tsx": 1774074419.8184938,
  "components/layout/ProductsMegaMenu.tsx": 1774072056.2499688,
  "components/layout/LoadingScreen.tsx": 1774071714.7867708,
  "components/layout/ResourcesMegaMenu.tsx": 1774072056.2503347,
  "components/layout/ServicesMegaMenu.tsx": 1774072056.2501528,
  "components/layout/MobileNav.tsx": 1775975515.203586,
  "components/layout/Footer.tsx": 1774072327.5436568,
  "components/layout/AboutMegaMenu.tsx": 1774072056.250348,
  "components/layout/Header.tsx": 1775975495.7297287,
  "components/layout/index.ts": 1774013325.1725676,
  "components/dashboard/KPICard.tsx": 1775970027.9599218,
  "components/dashboard/OverviewPanel.tsx": 1775970100.4807003,
  "components/dashboard/DashSidebar.tsx": 1775969964.9429605,
  "components/dashboard/ContentPanels.tsx": 1775970144.6378896,
  "components/dashboard/DataTable.tsx": 1775970051.2779164,
  "components/dashboard/index.ts": 1775970157.6311803,
  "components/dashboard/DashTopbar.tsx": 1775969998.4144597,
  "hooks/useInView.ts": 1774764528.9379416,
  "hooks/useCookieConsent.ts": 1774764463.8446536,
  "hooks/useTheme.ts": 1774764524.7341087,
  "hooks/useScrollProgress.ts": 1774074482.4481504,
  "hooks/index.ts": 1774013325.1684172,
  "lib/constants.ts": 1774013325.133588,
  "data/contact.ts": 1774020102.6037827,
  "data/blog.ts": 1775974677.0822031,
  "data/navigation.ts": 1775973882.6318939,
  "data/resources.ts": 1775975172.1983874,
  "data/site.ts": 1775971824.2807827,
  "data/careers.ts": 1775969422.2746737,
  "data/dashboard.ts": 1775969913.9972422,
  "data/about.ts": 1774016673.2600086,
  "data/index.ts": 1774019680.925923,
  "ARCHITECTURE.md": 1774763986.0658157,
  "README.md": 1774012252.1370165,
  "AGENTS.md": 1774012377.8831782,
  "CLAUDE.md": 1774012377.883296,
  "public/file.svg": 1774012252.1370099,
  "public/vercel.svg": 1774012252.1389098,
  "public/next.svg": 1774012252.1387699,
  "public/globe.svg": 1774012252.138896,
  "public/window.svg": 1774012252.139052
}